rgn_id,year,a_prot_1km
1,2000,8387.25
1,2001,9476.5
1,2002,9490.5
1,2003,10191.0
1,2004,10268.0
1,2005,11656.5
1,2006,12499.75
1,2007,12842.5
1,2008,14467.25
1,2009,14647.25
1,2010,15193.0
1,2011,15194.0
1,2012,15220.25
1,2013,15351.5
1,2014,15369.5
1,2015,15369.5
2,2000,8387.25
2,2001,9476.5
2,2002,9490.5
2,2003,10191.0
2,2004,10268.0
2,2005,11656.5
2,2006,12499.75
2,2007,12842.5
2,2008,14467.25
2,2009,14647.25
2,2010,15193.0
2,2011,15194.0
2,2012,15220.25
2,2013,15351.5
2,2014,15369.5
2,2015,15369.5
3,2000,8387.25
3,2001,9476.5
3,2002,9490.5
3,2003,10191.0
3,2004,10268.0
3,2005,11656.5
3,2006,12499.75
3,2007,12842.5
3,2008,14467.25
3,2009,14647.25
3,2010,15193.0
3,2011,15194.0
3,2012,15220.25
3,2013,15351.5
3,2014,15369.5
3,2015,15369.5
4,2000,8387.25
4,2001,9476.5
4,2002,9490.5
4,2003,10191.0
4,2004,10268.0
4,2005,11656.5
4,2006,12499.75
4,2007,12842.5
4,2008,14467.25
4,2009,14647.25
4,2010,15193.0
4,2011,15194.0
4,2012,15220.25
4,2013,15351.5
4,2014,15369.5
4,2015,15369.5
5,2000,8387.25
5,2001,9476.5
5,2002,9490.5
5,2003,10191.0
5,2004,10268.0
5,2005,11656.5
5,2006,12499.75
5,2007,12842.5
5,2008,14467.25
5,2009,14647.25
5,2010,15193.0
5,2011,15194.0
5,2012,15220.25
5,2013,15351.5
5,2014,15369.5
5,2015,15369.5
