"rgn_id","product","year","gap_fill"
1,"corals",1990,"prod_average"
1,"corals",1991,"prod_average"
1,"corals",1992,"prod_average"
1,"corals",1993,"prod_average"
1,"corals",1994,"prod_average"
1,"corals",1995,"prod_average"
1,"corals",1996,"prod_average"
1,"corals",1997,"prod_average"
1,"corals",1998,"prod_average"
1,"corals",1999,"prod_average"
1,"corals",2000,"prod_average"
1,"corals",2001,"prod_average"
1,"corals",2002,"prod_average"
1,"corals",2003,"prod_average"
1,"corals",2004,"prod_average"
1,"corals",2005,"prod_average"
1,"corals",2006,"prod_average"
1,"corals",2007,"prod_average"
1,"corals",2008,"prod_average"
1,"corals",2009,"prod_average"
1,"corals",2010,"prod_average"
1,"corals",2011,"prod_average"
1,"corals",2012,"prod_average"
1,"corals",2013,"prod_average"
2,"corals",1990,"prod_average"
2,"corals",1991,"prod_average"
2,"corals",1992,"prod_average"
2,"corals",1993,"prod_average"
2,"corals",1994,"prod_average"
2,"corals",1995,"prod_average"
2,"corals",1996,"prod_average"
2,"corals",1997,"prod_average"
2,"corals",1998,"prod_average"
2,"corals",1999,"prod_average"
2,"corals",2000,"prod_average"
2,"corals",2001,"prod_average"
2,"corals",2002,"prod_average"
2,"corals",2003,"prod_average"
2,"corals",2004,"prod_average"
2,"corals",2005,"prod_average"
2,"corals",2006,"prod_average"
2,"corals",2007,"prod_average"
2,"corals",2008,"prod_average"
2,"corals",2009,"prod_average"
2,"corals",2010,"prod_average"
2,"corals",2011,"prod_average"
2,"corals",2012,"prod_average"
2,"corals",2013,"prod_average"
3,"corals",1990,"prod_average"
3,"corals",1991,"prod_average"
3,"corals",1992,"prod_average"
3,"corals",1993,"prod_average"
3,"corals",1994,"prod_average"
3,"corals",1995,"prod_average"
3,"corals",1996,"prod_average"
3,"corals",1997,"prod_average"
3,"corals",1998,"prod_average"
3,"corals",1999,"prod_average"
3,"corals",2000,"prod_average"
3,"corals",2001,"prod_average"
3,"corals",2002,"prod_average"
3,"corals",2003,"prod_average"
3,"corals",2004,"prod_average"
3,"corals",2005,"prod_average"
3,"corals",2006,"prod_average"
3,"corals",2007,"prod_average"
3,"corals",2008,"prod_average"
3,"corals",2009,"prod_average"
3,"corals",2010,"prod_average"
3,"corals",2011,"prod_average"
3,"corals",2012,"prod_average"
3,"corals",2013,"prod_average"
4,"corals",1990,"prod_average"
4,"corals",1991,"prod_average"
4,"corals",1992,"prod_average"
4,"corals",1993,"prod_average"
4,"corals",1994,"prod_average"
4,"corals",1995,"prod_average"
4,"corals",1996,"prod_average"
4,"corals",1997,"prod_average"
4,"corals",1998,"prod_average"
4,"corals",1999,"prod_average"
4,"corals",2000,"prod_average"
4,"corals",2001,"prod_average"
4,"corals",2002,"prod_average"
4,"corals",2003,"prod_average"
4,"corals",2004,"prod_average"
4,"corals",2005,"prod_average"
4,"corals",2006,"prod_average"
4,"corals",2007,"prod_average"
4,"corals",2008,"prod_average"
4,"corals",2009,"prod_average"
4,"corals",2010,"prod_average"
4,"corals",2011,"prod_average"
4,"corals",2012,"prod_average"
4,"corals",2013,"prod_average"
5,"corals",1990,"prod_average"
5,"corals",1991,"prod_average"
5,"corals",1992,"prod_average"
5,"corals",1993,"prod_average"
5,"corals",1994,"prod_average"
5,"corals",1995,"prod_average"
5,"corals",1996,"prod_average"
5,"corals",1997,"prod_average"
5,"corals",1998,"prod_average"
5,"corals",1999,"prod_average"
5,"corals",2000,"prod_average"
5,"corals",2001,"prod_average"
5,"corals",2002,"prod_average"
5,"corals",2003,"prod_average"
5,"corals",2004,"prod_average"
5,"corals",2005,"prod_average"
5,"corals",2006,"prod_average"
5,"corals",2007,"prod_average"
5,"corals",2008,"prod_average"
5,"corals",2009,"prod_average"
5,"corals",2010,"prod_average"
5,"corals",2011,"prod_average"
5,"corals",2012,"prod_average"
5,"corals",2013,"prod_average"
1,"seaweeds",1990,"0"
1,"seaweeds",1991,"0"
1,"seaweeds",1992,"0"
1,"seaweeds",1993,"0"
1,"seaweeds",1994,"0"
1,"seaweeds",1995,"0"
1,"seaweeds",1996,"0"
1,"seaweeds",1997,"0"
1,"seaweeds",1998,"0"
1,"seaweeds",1999,"0"
1,"seaweeds",2000,"0"
1,"seaweeds",2001,"0"
1,"seaweeds",2002,"0"
1,"seaweeds",2003,"0"
1,"seaweeds",2004,"0"
1,"seaweeds",2005,"0"
1,"seaweeds",2006,"0"
1,"seaweeds",2007,"0"
1,"seaweeds",2008,"0"
1,"seaweeds",2009,"0"
1,"seaweeds",2010,"0"
1,"seaweeds",2011,"0"
1,"seaweeds",2012,"0"
1,"seaweeds",2013,"0"
2,"seaweeds",1990,"0"
2,"seaweeds",1991,"0"
2,"seaweeds",1992,"0"
2,"seaweeds",1993,"0"
2,"seaweeds",1994,"0"
2,"seaweeds",1995,"0"
2,"seaweeds",1996,"0"
2,"seaweeds",1997,"0"
2,"seaweeds",1998,"0"
2,"seaweeds",1999,"0"
2,"seaweeds",2000,"0"
2,"seaweeds",2001,"0"
2,"seaweeds",2002,"0"
2,"seaweeds",2003,"0"
2,"seaweeds",2004,"0"
2,"seaweeds",2005,"0"
2,"seaweeds",2006,"0"
2,"seaweeds",2007,"0"
2,"seaweeds",2008,"0"
2,"seaweeds",2009,"0"
2,"seaweeds",2010,"0"
2,"seaweeds",2011,"0"
2,"seaweeds",2012,"0"
2,"seaweeds",2013,"0"
3,"seaweeds",1990,"0"
3,"seaweeds",1991,"0"
3,"seaweeds",1992,"0"
3,"seaweeds",1993,"0"
3,"seaweeds",1994,"0"
3,"seaweeds",1995,"0"
3,"seaweeds",1996,"0"
3,"seaweeds",1997,"0"
3,"seaweeds",1998,"0"
3,"seaweeds",1999,"0"
3,"seaweeds",2000,"0"
3,"seaweeds",2001,"0"
3,"seaweeds",2002,"0"
3,"seaweeds",2003,"0"
3,"seaweeds",2004,"0"
3,"seaweeds",2005,"0"
3,"seaweeds",2006,"0"
3,"seaweeds",2007,"0"
3,"seaweeds",2008,"0"
3,"seaweeds",2009,"0"
3,"seaweeds",2010,"0"
3,"seaweeds",2011,"0"
3,"seaweeds",2012,"0"
3,"seaweeds",2013,"0"
4,"seaweeds",1990,"0"
4,"seaweeds",1991,"0"
4,"seaweeds",1992,"0"
4,"seaweeds",1993,"0"
4,"seaweeds",1994,"0"
4,"seaweeds",1995,"0"
4,"seaweeds",1996,"0"
4,"seaweeds",1997,"0"
4,"seaweeds",1998,"0"
4,"seaweeds",1999,"0"
4,"seaweeds",2000,"0"
4,"seaweeds",2001,"0"
4,"seaweeds",2002,"0"
4,"seaweeds",2003,"0"
4,"seaweeds",2004,"0"
4,"seaweeds",2005,"0"
4,"seaweeds",2006,"0"
4,"seaweeds",2007,"0"
4,"seaweeds",2008,"0"
4,"seaweeds",2009,"0"
4,"seaweeds",2010,"0"
4,"seaweeds",2011,"0"
4,"seaweeds",2012,"0"
4,"seaweeds",2013,"0"
5,"seaweeds",1990,"0"
5,"seaweeds",1991,"0"
5,"seaweeds",1992,"0"
5,"seaweeds",1993,"0"
5,"seaweeds",1994,"0"
5,"seaweeds",1995,"0"
5,"seaweeds",1996,"0"
5,"seaweeds",1997,"0"
5,"seaweeds",1998,"0"
5,"seaweeds",1999,"0"
5,"seaweeds",2000,"0"
5,"seaweeds",2001,"0"
5,"seaweeds",2002,"0"
5,"seaweeds",2003,"0"
5,"seaweeds",2004,"0"
5,"seaweeds",2005,"0"
5,"seaweeds",2006,"0"
5,"seaweeds",2007,"0"
5,"seaweeds",2008,"0"
5,"seaweeds",2009,"0"
5,"seaweeds",2010,"0"
5,"seaweeds",2011,"0"
5,"seaweeds",2012,"0"
5,"seaweeds",2013,"0"
1,"ornamentals",1988,"0"
1,"ornamentals",1989,"0"
1,"ornamentals",1990,"0"
1,"ornamentals",1991,"0"
1,"ornamentals",1992,"0"
1,"ornamentals",1993,"0"
1,"ornamentals",1994,"0"
1,"ornamentals",1995,"0"
1,"ornamentals",1996,"0"
1,"ornamentals",1997,"0"
1,"ornamentals",1998,"0"
1,"ornamentals",1999,"0"
1,"ornamentals",2000,"0"
1,"ornamentals",2001,"0"
1,"ornamentals",2002,"0"
1,"ornamentals",2003,"0"
1,"ornamentals",2004,"0"
1,"ornamentals",2005,"0"
1,"ornamentals",2006,"0"
1,"ornamentals",2007,"0"
1,"ornamentals",2008,"0"
1,"ornamentals",2009,"0"
1,"ornamentals",2010,"0"
1,"ornamentals",2011,"0"
1,"ornamentals",2012,"0"
1,"ornamentals",2013,"0"
1,"sponges",1990,"0"
1,"sponges",1991,"0"
1,"sponges",1992,"0"
1,"sponges",1993,"0"
1,"sponges",1994,"0"
1,"sponges",1995,"0"
1,"sponges",1996,"0"
1,"sponges",1997,"0"
1,"sponges",1998,"0"
1,"sponges",1999,"0"
1,"sponges",2000,"0"
1,"sponges",2001,"0"
1,"sponges",2002,"0"
1,"sponges",2003,"0"
1,"sponges",2004,"0"
1,"sponges",2005,"0"
1,"sponges",2006,"0"
1,"sponges",2007,"0"
1,"sponges",2008,"0"
1,"sponges",2009,"0"
1,"sponges",2010,"0"
1,"sponges",2011,"0"
1,"sponges",2012,"0"
1,"sponges",2013,"0"
2,"ornamentals",1988,"0"
2,"ornamentals",1989,"0"
2,"ornamentals",1990,"0"
2,"ornamentals",1991,"0"
2,"ornamentals",1992,"0"
2,"ornamentals",1993,"0"
2,"ornamentals",1994,"0"
2,"ornamentals",1995,"0"
2,"ornamentals",1996,"0"
2,"ornamentals",1997,"0"
2,"ornamentals",1998,"0"
2,"ornamentals",1999,"0"
2,"ornamentals",2000,"0"
2,"ornamentals",2001,"0"
2,"ornamentals",2002,"0"
2,"ornamentals",2003,"0"
2,"ornamentals",2004,"0"
2,"ornamentals",2005,"0"
2,"ornamentals",2006,"0"
2,"ornamentals",2007,"0"
2,"ornamentals",2008,"0"
2,"ornamentals",2009,"0"
2,"ornamentals",2010,"0"
2,"ornamentals",2011,"0"
2,"ornamentals",2012,"0"
2,"ornamentals",2013,"0"
2,"sponges",1990,"0"
2,"sponges",1991,"0"
2,"sponges",1992,"0"
2,"sponges",1993,"0"
2,"sponges",1994,"0"
2,"sponges",1995,"0"
2,"sponges",1996,"0"
2,"sponges",1997,"0"
2,"sponges",1998,"0"
2,"sponges",1999,"0"
2,"sponges",2000,"0"
2,"sponges",2001,"0"
2,"sponges",2002,"0"
2,"sponges",2003,"0"
2,"sponges",2004,"0"
2,"sponges",2005,"0"
2,"sponges",2006,"0"
2,"sponges",2007,"0"
2,"sponges",2008,"0"
2,"sponges",2009,"0"
2,"sponges",2010,"0"
2,"sponges",2011,"0"
2,"sponges",2012,"0"
2,"sponges",2013,"0"
3,"ornamentals",1988,"0"
3,"ornamentals",1989,"0"
3,"ornamentals",1990,"0"
3,"ornamentals",1991,"0"
3,"ornamentals",1992,"0"
3,"ornamentals",1993,"0"
3,"ornamentals",1994,"0"
3,"ornamentals",1995,"0"
3,"ornamentals",1996,"0"
3,"ornamentals",1997,"0"
3,"ornamentals",1998,"0"
3,"ornamentals",1999,"0"
3,"ornamentals",2000,"0"
3,"ornamentals",2001,"0"
3,"ornamentals",2002,"0"
3,"ornamentals",2003,"0"
3,"ornamentals",2004,"0"
3,"ornamentals",2005,"0"
3,"ornamentals",2006,"0"
3,"ornamentals",2007,"0"
3,"ornamentals",2008,"0"
3,"ornamentals",2009,"0"
3,"ornamentals",2010,"0"
3,"ornamentals",2011,"0"
3,"ornamentals",2012,"0"
3,"ornamentals",2013,"0"
3,"sponges",1990,"0"
3,"sponges",1991,"0"
3,"sponges",1992,"0"
3,"sponges",1993,"0"
3,"sponges",1994,"0"
3,"sponges",1995,"0"
3,"sponges",1996,"0"
3,"sponges",1997,"0"
3,"sponges",1998,"0"
3,"sponges",1999,"0"
3,"sponges",2000,"0"
3,"sponges",2001,"0"
3,"sponges",2002,"0"
3,"sponges",2003,"0"
3,"sponges",2004,"0"
3,"sponges",2005,"0"
3,"sponges",2006,"0"
3,"sponges",2007,"0"
3,"sponges",2008,"0"
3,"sponges",2009,"0"
3,"sponges",2010,"0"
3,"sponges",2011,"0"
3,"sponges",2012,"0"
3,"sponges",2013,"0"
4,"ornamentals",1988,"0"
4,"ornamentals",1989,"0"
4,"ornamentals",1990,"0"
4,"ornamentals",1991,"0"
4,"ornamentals",1992,"0"
4,"ornamentals",1993,"0"
4,"ornamentals",1994,"0"
4,"ornamentals",1995,"0"
4,"ornamentals",1996,"0"
4,"ornamentals",1997,"0"
4,"ornamentals",1998,"0"
4,"ornamentals",1999,"0"
4,"ornamentals",2000,"0"
4,"ornamentals",2001,"0"
4,"ornamentals",2002,"0"
4,"ornamentals",2003,"0"
4,"ornamentals",2004,"0"
4,"ornamentals",2005,"0"
4,"ornamentals",2006,"0"
4,"ornamentals",2007,"0"
4,"ornamentals",2008,"0"
4,"ornamentals",2009,"0"
4,"ornamentals",2010,"0"
4,"ornamentals",2011,"0"
4,"ornamentals",2012,"0"
4,"ornamentals",2013,"0"
4,"sponges",1990,"0"
4,"sponges",1991,"0"
4,"sponges",1992,"0"
4,"sponges",1993,"0"
4,"sponges",1994,"0"
4,"sponges",1995,"0"
4,"sponges",1996,"0"
4,"sponges",1997,"0"
4,"sponges",1998,"0"
4,"sponges",1999,"0"
4,"sponges",2000,"0"
4,"sponges",2001,"0"
4,"sponges",2002,"0"
4,"sponges",2003,"0"
4,"sponges",2004,"0"
4,"sponges",2005,"0"
4,"sponges",2006,"0"
4,"sponges",2007,"0"
4,"sponges",2008,"0"
4,"sponges",2009,"0"
4,"sponges",2010,"0"
4,"sponges",2011,"0"
4,"sponges",2012,"0"
4,"sponges",2013,"0"
5,"ornamentals",1988,"0"
5,"ornamentals",1989,"0"
5,"ornamentals",1990,"0"
5,"ornamentals",1991,"0"
5,"ornamentals",1992,"0"
5,"ornamentals",1993,"0"
5,"ornamentals",1994,"0"
5,"ornamentals",1995,"0"
5,"ornamentals",1996,"0"
5,"ornamentals",1997,"0"
5,"ornamentals",1998,"0"
5,"ornamentals",1999,"0"
5,"ornamentals",2000,"0"
5,"ornamentals",2001,"0"
5,"ornamentals",2002,"0"
5,"ornamentals",2003,"0"
5,"ornamentals",2004,"0"
5,"ornamentals",2005,"0"
5,"ornamentals",2006,"0"
5,"ornamentals",2007,"0"
5,"ornamentals",2008,"0"
5,"ornamentals",2009,"0"
5,"ornamentals",2010,"0"
5,"ornamentals",2011,"0"
5,"ornamentals",2012,"0"
5,"ornamentals",2013,"0"
5,"sponges",1990,"0"
5,"sponges",1991,"0"
5,"sponges",1992,"0"
5,"sponges",1993,"0"
5,"sponges",1994,"0"
5,"sponges",1995,"0"
5,"sponges",1996,"0"
5,"sponges",1997,"0"
5,"sponges",1998,"0"
5,"sponges",1999,"0"
5,"sponges",2000,"0"
5,"sponges",2001,"0"
5,"sponges",2002,"0"
5,"sponges",2003,"0"
5,"sponges",2004,"0"
5,"sponges",2005,"0"
5,"sponges",2006,"0"
5,"sponges",2007,"0"
5,"sponges",2008,"0"
5,"sponges",2009,"0"
5,"sponges",2010,"0"
5,"sponges",2011,"0"
5,"sponges",2012,"0"
5,"sponges",2013,"0"
